Technique,MSE,R2,Gender Gap ($),College Gap ($),Gender Gap (%),College Gap (%)
Baseline,4014032061.0195236,0.7000430009940888,292.9566371625988,706.4534491034574,0.10542792813679026,0.25463888700145
Undersampling,5252430529.533349,0.6075010674614069,253.90828692773357,630.3877122397535,0.10379593035247073,0.2581136222781534
Oversampling,5235486753.590108,0.6087672268010691,255.52079013298498,646.4162128469034,0.10441241751375446,0.26458572802454117
SMOTE-like,5177843944.025409,0.6130747071371639,266.4111607442028,638.9576686059008,0.10886563269079705,0.2615287206061647
Combined Under.,7630160767.888442,0.4298201680812823,287.16618283704156,630.5714546408562,0.12984665127887768,0.28560684567717093
Reweighing,4996502152.671223,0.6266258543881259,261.66229231999023,689.7485680873797,0.10545684591421428,0.2784902734141058
Post-processing,10483423817.253353,0.2166040779625168,-72424.6246087657,-45217.25657306163,-19.998503303125556,-13.211577825660223
