Technique,R²,RMSE,MAE,MAPE (%),MAE Male,MAE Female,MAE Other,MAE Tier1,MAE Tier3,Gender MAE Gap,College MAE Gap
Baseline,0.7000430009940888,63356.389267535786,52401.10201543165,21.811750728117953,45495.50305336708,76190.61404238782,53100.213457777296,54773.07948444432,82353.00128802167,30695.110989020744,27579.921803577345
Undersampling,0.6075010674614069,72473.65403740417,59802.57851643853,21.731903840693864,68753.57644028062,43715.59447280474,28781.791362859465,69437.98327869974,49791.61069741278,-25037.981967475884,-19646.37258128696
Oversampling,0.6087672268010691,72356.66350509888,59751.36432166714,21.724347013624357,68651.09612418838,43815.92818689413,28786.939201107816,69369.97456092716,49890.90996836943,-24835.167937294245,-19479.064592557734
SMOTE-like,0.6130747071371639,71957.23691210919,59754.40049919178,21.769065579520035,68555.82152514567,44119.227890826456,28878.361265625823,69421.53727749003,50215.32325438151,-24436.593634319215,-19206.21402310852
Combined Under.,0.4298201680812823,87350.79145542096,69795.33996364086,23.756542569026635,87936.98163172764,26885.821873293116,27963.976484647865,84554.95794524133,31904.114605790044,-61051.15975843453,-52650.84333945128
Reweighing,0.6266258543881259,70685.94027578061,58667.81588593731,21.592068889640235,66003.65087437374,47001.99810898981,30144.365365342102,67617.4094032604,53075.882750783,-19001.65276538393,-14541.526652477405
Post-processing,0.2166040779625168,102388.5922222459,78963.9294992498,35.23657405226726,51577.891647962344,160428.8444025126,108032.9211629435,73575.33800508671,147130.1830332223,108850.95275455025,73554.84502813559
